id	nil_name	title1	text1	link1	title2	text2	link2
1	Duomo	Piazza Sant Ambrogio	piazza di fronte ad una delle chiese più antiche di Milano, vicino all’università Cattolica, con una nuova stazione della M4 e strade da poco rinnovate	https://www.google.com/maps/search/?api=1&query=Piazza%20Sant%20Ambrogio%2C%20Milano	Panchine via Marconi - Piazza Diaz lato bar/ristorante	sedute vicino a piazza Duomo, portici con ristoranti e alla fermata del tram 15 per Rozzano	https://maps.app.goo.gl/cMndcfw3mvs82PP99
2	Brera	Pinacoteca di Brera	importante museo nel mezzo di un’area pedonalizzata tempo fa, molti turisti, ristoranti e bar	https://www.google.com/maps/search/?api=1&query=Pinacoteca%20di%20Brera%2C%20Milano	Corso Garibaldi	lunga via con intenso flusso pedonale  e larghi marciapiedi con negozi, bar, ristoranti	https://www.google.com/maps/search/?api=1&query=Corso%20Garibaldi%2C%20Milano
4	Guastalla	Giardini della Guastalla	parco centrale e non troppo grande, curato e dietro l’università Statale	https://www.google.com/maps/search/?api=1&query=Giardini%20della%20Guastalla%2C%20Milano	Arco di Porta Romana	trafficato incrocio stradale, con fermata del tram 9, la stazione della M3 e locali all’inizio di Corso Lodi e negozi all’inizio via Monte Nero	https://www.google.com/maps/search/?api=1&query=Arco%20di%20Porta%20Romana%2C%20Milano
5	Porta Vigentina - Porta Lodovica	Via San Calimero	stretta strada pedonalizzata, con alberi, panchine e chiesa, vicino a fermata Sforza-Policlinico della M4 e del tram	https://www.google.com/maps/search/?api=1&query=Via%20San%20Calimero%2C%20Milano	Parco Ravizza	largo parco con alberi, tavoli e panchine, giochi e campi da pallavolo e basket	https://www.google.com/maps/search/?api=1&query=Parco%20Ravizza%2C%20Milano
6	Porta Ticinese - Conca del Naviglio	Largo Mahler	piccolo incrocio, con fermata tranviaria, negozi e bar	https://www.google.com/maps/search/?api=1&query=Largo%20Mahler%2C%20Milano	Via Tabacchi	mercato comunale (solo sabato fino alle 15), con numerose bancarelle su un tratto piuttosto ampio di strada	https://www.google.com/maps/search/?api=1&query=via%20Tabacchi%20Milano
7	Magenta- San Vittore	Piazza sant'Agostino	mercato comunale, con numerose bancarelle su un tratto piuttosto ampio di strada	https://www.google.com/maps/search/?api=1&query=Piazza%20sant%27Agostino%20Milano	Piazza di Santa Maria delle Grazie	piazza pedonalizzata con panchine, di fronte alla chiesa del cenacolo Vinciano, vicina a fermate tranviarie su Corso Magenta, solitamente con consistente flusso pedonale	https://www.google.com/maps/search/?api=1&query=Piazza%20di%20Santa%20Maria%20delle%20Grazie%2C%20Milano
8	Parco Sempione	Castello Sforzesco - Piazza del Cannone	zona molto frequentata del parco Sempione, con una forte attrazione turistica, panchine e qualche piccolo bar all’interno del parco	https://www.google.com/maps/search/?api=1&query=Piazza%20del%20Cannone%2C%20Milano	Arena Civica - via Repubblica Cisalpina	ingresso est al Parco Sempione	https://www.google.com/maps/search/?api=1&query=via%20Repubblica%20Cisalpina%20Milano
9	Porta Garibaldi - Porta Nuova	corso Como	strada pedonalizzata con un fortissimo passaggio pedonale, con molti bar, negozi e ristoranti	https://www.google.com/maps/search/?api=1&query=corso%20Como%2C%20Milano	Piazza Gae Aulenti	piazza pedonale molto frequentata con fontana, molti negozi, parco della Biblioteca degli Alberi	https://www.google.com/maps/search/?api=1&query=Piazza%20Gae%20Aulenti%2C%20Milano
10	Stazione Centrale - Ponte Seveso	Piazza Caiazzo	fermata di tram, metro e filobus, con un ampio parcheggio su via Andrea Doria; molte attività commerciali, specie sul lato sud ed est (via Pergolesi, via Gaffurio e via Settembrini):	https://www.google.com/maps/search/?api=1&query=Piazza%20Caiazzo%2C%20Milano	Piazza Cincinnato	piazza recentemente risistemata, con panchine, alberi, esercizi commerciali e una fermata tranviaria discretamente usata (ci sono due linee che fermano); circondata da edifici densi, tipico del tessuto urbano tradizionale di fine ‘800	https://www.google.com/maps/search/?api=1&query=Piazza%20Cincinnato%2C%20Milano
11	Isola	parcheggio Carrefour/Brico/McDonald's via Farini	largo parcheggio di fronte a diversi grandi negozi, fermate tranviarie e filoviarie sulla circonvallazione	https://www.google.com/maps/search/?api=1&query=McDonald%27s%20via%20Farini%2C%20Milano	Piazzale Lagosta	mercato esterno del sabato, capolinea tranviario di alcune linee con alcuni esercizi commerciali, il mercato comunale coperto “Isola” ed annesso bar con sedute esterne; molte auto in divieto di sosta regolarmente	https://www.google.com/maps/search/?api=1&query=Piazzale%20Lagosta%20Milano
12	Maciachini-Maggiolina	Piazzale Maciachini	vicino ad una delle principali fermate del tram 4, essendo all’intersezione con la M3 (alcune corse hanno capolinea proprio qui); il parcheggio auto ha un discreto utilizzo, perlopiù a lungo termine (giornaliero più che orario); l’adiacente parco pubblico Murat ha un buon utilizzo; auto in divieto di sosta permanente sul parterre di viale Marche, all’uscita dal parcheggio	https://www.google.com/maps/search/?api=1&query=Piazzale%20Maciachini%2C%20Milano	Piazzale Istria	rotonda con un ampio parterre centrale, che ospita un’edicola, un chiosco/bar sul lato della carreggiata diretta verso il centro (lato ovest), oltre che le fermate “Istria M5” dei tram 5 e 7, la stazione della metropolitana omonima e qualche panchina; presente qualche piccolo negozio sul marciapiede al lato est del piazzale e su entrambi i lati di Viale Zara	https://www.google.com/maps/search/?api=1&query=Piazzale%20Istria%2C%20Milano
13	Greco – Segnano	Inizio ciclabile Martesana	inizio del lungo percorso ciclopedonale che porta fino all’Adda, frequentato sia da jogger che da famiglie; presente un parco con alberi e panchine, oltre che un bar con diverse sedute all’esterno, il campo di bocce “Zuretti” e un largo spiazzo alberato con numerose panchine sul lato della chiesa “Santa Maria Goretti”, vicino al quale si trova anche un piccolo parcheggio	https://maps.app.goo.gl/hRZZ15UouxHr8hEB7	Unes-Piscina de Marchi	grande centro commerciale su via De Marchi, con diverse attività commerciali, un grande parcheggio auto e qualche piccolo stallo bici; la piscina si trova sul lato opposto della stessa via, dove c’è anche una fermata bus (linee 43 e 81, direzione centro con un utilizzo non trascurabile	https://maps.app.goo.gl/kvV64JmWTaE6kBQP9
14	Niguarda - Ca’ Granda - Prato Centenaro - Q.re Fulvio Testi	Ospedale Niguarda - ingresso principale	uno degli ospedali principali della città; presenti diversi parcheggi per i fruitori dell’ospedale, la fermata del tram 4, il capolinea del 5 e una postazione BikeMi	https://maps.app.goo.gl/Kyb1Dn93jjxvdTaB7	Caffetteria Sun Strac Parco Nord	bar “Caffetteria Sun Strac”, molto frequentato, sempre pieno di persone nei weekend durante il giorno, sia famiglie e anziani che sportivi; luogo raggiungibile dai fruitori a piedi, in bici, in auto (grazie al parcheggio adiacente in tram, con la linea 4, che qui fa capolinea insieme a diverse linee di autobus (bus e tram fermano in via Luigi Ornato, sulla carreggiata diretta verso il centro), oltre che accanto al parcheggio	https://www.google.com/maps/search/?api=1&query=Caffetteria%20Sun%20Strac%20Parco Nord
15	Bicocca	Hangar Bicocca	ben frequentato nei weekend, grazie alla galleria di installazioni (ingresso gratuito), un locale brunch e una caffetteria; pubblico di livello culturale medio alto, diverse famiglie	https://www.google.com/maps/search/?api=1&query=Hangar%20Bicocca%2C%20Milano	Bicocca Village	cinema multisala, negozi, palestra Virgin. Raggiungo prevalentemente in automobile, può essere interessante per questo. Preferibile intervistare all'angolo con via Hayek, se più vicino all'ingresso può dare fastidio alla proprietà	https://www.google.com/maps/search/?api=1&query=Bicocca%20Village%2C%20Milano
16	Gorla – Precotto	Precotto M1	fermata della metropolitana su una strada molto trafficata e frequentata come viale Monza; nelle vicinanze si trovano diversi esercizi commerciali (supermercato, caffè, bar, gelateria), la fermata del tram “Precotto M1” su via Giuseppe Pelitti, del bus in via Cislaghi (via più silenziosa e forse più adatta ad un'intervista e la “passeggiata monsignor Egidio Vergani”, alberata e con diverse panchine	https://maps.app.goo.gl/GesE8safExBYGXWRA	Parco di Villa Finzi	parco tranquillo e di medie dimensioni con alberature, panchine e area giochi per bambini, nelle immediate vicinanze di viale Monza, della fermata “Gorla” della M1 e dell’alzaia del naviglio della Martesana	https://www.google.com/maps/search/?api=1&query=Parco%20di%20Villa%20Finzi%2C%20Milano
17	Adriano	Esselunga via Adriano	grosso supermercato, uno dei principali del quartiere, adiacente ad altri grandi punti vendita più specializzati, il tutto accessibile da uno spazio pedonale fra i due edifici (dove si trova il “matitone”), utile luogo per interviste; c’è un largo parcheggio a fianco dei due edifici, oltre che il capolinea del 7 “Adriano-Vipiteno”	https://www.google.com/maps/search/?api=1&query=Esselunga%20via%20Adriano%2C%20Milano	Giardini Franca Rame	grande parco con area per bambini, ai limiti di un’area di recente urbanizzazione, con palazzi di media altezza a gruppi di due o tre e la linea tranviaria di recente aperture (fermate Tremelloni-Tognazzi e Tremelloni-Gassman della linea 7); il parco prosegue a nord della linea tranviaria, con aree dotate di giochi per bambini e panchine, oltre che un campo da basket	https://www.google.com/maps/search/?api=1&query=Giardini%20Franca%20Rame%2C%20Milano
18	Cimiano - Rottole - Q.re Feltre	Ingresso Parco Lambro / skatepark	lo skatepark è piuttosto apprezzato e si trova vicino all’ingresso del grande parco a nord-est di Milano, che è perlopiù adibito a bosco, quindi un poco selvatico; potrebbe essere non così facile ricevere risposte alle interviste nello skatepark, ma il campione sarebbe sicuramente utile da sondare	https://www.google.com/maps/search/?api=1&query=Ingresso%20Parco%20Lambro%20/%20skatepark%2C%20Milano	IRCCS Ospedale San Raffaele-Cascina Gobba	grande ospedale al confine comunale, vicino a parcheggi e alla la stazione della metro “Cascina Gobba” (con altri parcheggi e bus); la stazione si raggiunge camminando su via Padova, checché ne dica Google maps: ci sono marciapiedi e attraversamenti, per quanto non sia una strada troppo piacevole	https://www.google.com/maps/search/?api=1&query=IRCCS%20Ospedale%20San%20Raffaele-Cascina%20Gobba%2C%20Milano
19	Padova - Turro – Crescenzago	Anfiteatro Martesana	anfiteatro che ospita diversi spettacoli (alcuni molto seguiti), all’interno del parco “Martiri della Libertà Iracheni” sul naviglio della Martesana, con frequentatori di tutti i tipi, panchine e piccola area giochi per bambini	https://www.google.com/maps/search/?api=1&query=Anfiteatro%20Martesana%2C%20Milano	Via Padova angolo via Arici	all’angolo di una strada commerciale e residenziale piuttosto importante; vicino ad attività commerciali quali  Conad (che ha un parcheggio esterno), Aumai, diversi piccoli locali e negozi agli angoli	https://www.google.com/maps/search/?api=1&query=Via%20Padova%20angolo%20via%20Arici%2C%20Milano
20	Loreto - Casoretto – NoLo	Piazza Spoleto / Arcobalena	piazza semi-pedonalizzata come parte del programma “piazze aperte”, con sedute e di frequente utilizzata da bambini con genitori; vicina a bar, piccoli esercizi commerciali ed al capolinea del tram 1, in un contesto di urbanizzazione densa e matura, tipica del primo Novecento	https://www.google.com/maps/search/?api=1&query=Piazza%20Spoleto%20/%20Arcobalena%2C%20Milano	Bar Mosso - via Angelo Mosso	bar con molte sedute esterne, vicino ad alcune attività commerciali su via Padova e adiacente al Parco Trotter, punto di riferimento dell’area circostante	https://www.google.com/maps/search/?api=1&query=Bar%20Mosso%20%28via%20Angelo%20Mosso%29%2C%20Milano
21	Buenos Aires - Porta Venezia - Porta Monforte	Bocciofila Amici delle Bocce - casa dell’acqua -  Morgagni	area verde all’interno dell’ampio parterre di via Morgagni, con alberature e diverse panchine, vicino alla stazione “Lima” della M1 e al recentemente rinnovato piazzale Lavater, dotato di altre sedute; vicino corso Buenos Aires, in un contesto di urbanizzazione tipico del tardo Ottocento	https://maps.app.goo.gl/k2A7rdJDFaoe7h4s8	Caffè degli artisti - Bar Basso (via Plinio)	locali con sedute esterne, su un trafficato incrocio della circonvallazione, circondato da diversi negozi, speso ai piani terra di palazzi di 4/8 piani	https://www.google.com/maps/search/?api=1&query=Caff%C3%A8%20degli%20artisti%20-%20Bar%20Basso%20%28via%20Plinio%29%2C%20Milano
22	Città studi	Giardini di Piazza Leonardo Da Vinci	ampio spazio verde di fronte all’ingresso del politecnico, solitamente frequentato sia dagli studenti in ingresso e pausa che dai residenti, grazie alle numerose panchine; serviti da una fermata tranviaria (linee 19 e 33); molto frequentato il bar su via Ampère, a nord della piazza, soprattutto se il tempo è soleggiato	https://maps.app.goo.gl/LM26iHXK6AUCDvES9	Stazione FS Lambrate - piazza Bottini	importante snodo trasportistico, sempre ben utilizzato: stazione ferroviaria, fermata di tram e metro, oltre che capolinea di diversi autobus e sede di molti negozi nelle vicinanze, specie su via Pacini (parcheggio su parterre regolarmente tollerato, nonostante il divieto), oltre che di bar con dehor	https://www.google.com/maps/search/?api=1&query=Stazione%20FS%20Lambrate-piazza%20Bottini%2C%20Milano
23	Lambrate – Ortica	Piazza Vigili del Fuoco	alla periferia della città, urbnizzazione semi-recente: piccola piazza pdeonale vicino a unEselunga, MediaWorld, un bar e una palestra; frequentato da bambini e famiglie; un viale pedonale (viale Maria Cutuli e con molte panchine la collega al parco della Lambretta, affiancato da alcune aree giochi per bambini e palazzine residenziali	https://www.google.com/maps/search/?api=1&query=Piazza%20Vigili%20del%20Fuoco%2C%20Milano	Mercato comunale di via Rombon	un mercato coperto riaperto dopo diversi anni di lavori e ristrutturazioni su una strada importante di ingresso a Milano (via Rombon); vicino a una piccola area giochi	https://www.google.com/maps/search/?api=1&query=Mercato%20comunale%20di%20via%20Rombon%20Milano
24	Parco Forlanini – Cavriano	Via Tucidide	di fronte alla birreria “Impronta Birraia” e accanto ai binari della linea per Venezia, è un piccolo agglomerato di esercizi commerciali al limitare dell’urbanizzato, piuttosto raggiungibile in auto, sia dal parcheggio di fronte che su quello di  via Cavriana; c’è una ciclabile, prolungata qualche anno fa fino a San Babila con i lavori di M4, discretamente utilizzata	https://maps.app.goo.gl/a1SH8DjJrnUjd72s5	Parco Forlanini	importante e grande parco, ben utilizzato con il bel tempo, con moltissimi percorsi, panchine e un campo da baseball; chi arriva in auto (non facile da raggiungere in autobus, solo una linea su viale Forlanini entra ca via Taverna, dove c’è un piccolo parcheggio (possibile categoria automobilisti per necessità)	https://maps.app.goo.gl/dweLjx5Hqv12h4Mg6
25	Corsica	Largo Porto di Classe	luogo di transizione tra una zona riqualificata con spazi equamente ripartiti e una zona devastata dalle auto in sosta irregolare, servita dalla fermata Argonne della linea M4; il largo parterre viale Argonne (riqualificato in occasione dei lavori per la costruzione della metropolitana è molto ben utilizzato, soprattutto nei pomeriggi dei fine settimana, con numerose aree gioco, di allenamento e campi da basket/calcio gli edifici che fiancheggiano la via e i largo sono tipici dell'urbanizzazione di metà Novecento, con negozi ai piani terra di molti edifici e larghi marciapiede	https://www.google.com/maps/search/?api=1&query=Largo%20Porto%20di%20Classe%2C%20Milano	Forlanini M4 - via MEzzofanti	piccola area verde, ricavata dai lavori di scavo della M4; vicino alla fermata metropolitana e ferroviaria “Forlanini”, oltre che a un distributore e diverse aree di parcheggio lungo la strada, poco distante dai negozi di media grandezza (MD e Tigotà su via Negroli )	https://maps.app.goo.gl/1dCqCkXkhzPZHpPB9
26	XXII Marzo	Via Cadore - Parco Formentano	parco ben frequentato, vicino alla fermata tranviaria “via Cadore-XXII Marzo” e con aree per jogger e famiglie con bambini; via Cadore ha molta sosta irregolare, in parte recentemente protetta da tronchi di vecchi alberi, oltre cha alcuni bar e una fermata dei bus	https://maps.app.goo.gl/f1sCoKtH1T4kimij9	Viale Campania (per Via libera 1, tra via Marconi, Melloni e Archimede, che può essere interessante visitare, essendo più tranquille e silenziose)	trafficata strada di tangenza, con alcune fermate filoviarie discretamente utilizzate (linea 93 e molte auto in divieto di sosta su parterre urbanistica tradizionale di metà Novecento, con palazzine di 6/8 piani e qualche negozio al piano terra	https://maps.app.goo.gl/oYHazkU6UFQ2bQRk8
27	Porta Romana	Arco di Porta Romana	servita dalle metropolitana M3 e dal tram 9, al centro di un trafficato incrocio all’imbocco di Corso Lodi, su cui si trovano bar ed esercizi commerciali e un PAM ben frequentato	https://www.google.com/maps/search/?api=1&query=Arco%20di%20Porta%20Romana%2C%20Milano	Piazzale Libia	emblema dell'autocentrismo, una rotonda da svincolo autostradale nel cuore di un quartiere vivo e denso: si tratta di un’area di incrocio relativamente larga, con ampli parterre con sedute e giochi	https://www.google.com/maps/search/?api=1&query=Piazzale%20Libia%2C%20Milano
28	Umbria - Molise – Calvairate	Piazzale Martini	parco di buone dimensioni nel quartiere di Calvairate, circondato da edifici tipici dell'urbanizzazione della prima parte del Novecento e strade solitamente piuttosto frequentate da un discreto traffico pedonale, vista anche la fermata tranviaria del bus 66; le strade attorno hanno diverse attività e bar a livello stradale, oltre alla biblioteca dal quartiere	https://www.google.com/maps/search/?api=1&query=Piazzale%20Martini%2C%20Milano	Piazzale Lodi	affollato incrocio, sia stradale che di trasporto pubblico, grazie alla fermata della M3 “Lodi TIBB” e le linee filoviarie 90/91 e 92 su viale Umbria; grande esercizio assortimento di negozi all’interno del “Centro Commerciale Piazza Lodi”, con ingresso all’angolo fra viale Umbria e via Colletta; nelle vicinanze, la recentemente rinnovata stazione “Milano Scalo Romana”, con ingresso più tranquillo su via Sannio e più automobilisticamente trafficato su Corso Lodi	https://www.google.com/maps/search/?api=1&query=Piazzale%20Lodi%2C%20Milano
29	Ortomercato	via Lombroso - fermata bus 66	utile luogo per interviste il sabato mattina con Ortomercato, mercato Floricolo e mercato Ittico aperti al pubblico, in una zona altrimenti prettamente industriale	https://maps.app.goo.gl/3dhizYda2UeQR65H7	Parco Emilio Alessandrino	parco di discrete dimensioni, con area giochi per bambini, panchine alberate e aree cani ad entrambe le estremità, oltre cha alcuni orti condivisi e un’area coperta con tavoli e sedute nell’angolo sud-est del parco; non distante dalla fermata di Piazzale Cuoco sulla linea tranviaria 16	https://www.google.com/maps/search/?api=1&query=Parco%20Emilio%20Alessandrino%2C%20Milano
30	Taliedo - Morsenchio - Q.re Forlanini	Piazza Ovidio	piazzale sulla larga strada principale dei quartieri di Taliedo e Forlanini perlopiù urbanizzati negli anni Sessanta, circondata da un’Esselunga, farmacie, bar, qualche negozio e una piccola area cani, oltre che il vicino parco Guido Galli; servita dalla ben utilizzata fermata tranviaria omonima della linea 27, strutturata e con pensilina e barriere	https://www.google.com/maps/search/?api=1&query=Piazza%20Ovidio%2C%20Milano	Viale Ungheria-via Giraud	sulla strada principale del quartiere Morsenchio, con un Carrefour, un panificio, alcuni piccoli negozi, edificata soprattutto negli anni Sessanta; servita da fermate di bus e dal capolinea del  tram 27	https://www.google.com/maps/search/?api=1&query=Viale%20Ungheria-via%20Giraud%2C%20Milano
33	Rogoredo - Santa Giulia	Parco Trapezio di Santa Giulia	grande parco inerbito in un’area di nuova edificazione, con alcune aree gioco e sedute; servita da diverse linee di autobus, la stazione metropolitana e ferroviaria di Rogoredo FS, oltre che da un parcheggio sotterraneo	https://www.google.com/maps/search/?api=1&query=Parco%20Trapezio%20di%20Santa%20Giulia%20Milano	Via Bruno Cassinari	principale via del quartiere di Santa Giulia, pedonalizzata e con diverse residenze, bar, panchine ai suoi lati	https://www.google.com/maps/search/?api=1&query=Via%20Bruno%20Cassinari%2C%20Milano
35	Lodi-Corvetto	Corvetto M3	fermata della M3 che serve l’omonimo piazzale, sovrastato dal trafficato cavalcavia del raccordo autostradale e circondato da molte attività commerciali, soprattutto verso  e su viale Martini, dove si trovano una stazione di bike-sharing “BikeMi” e una piccola area pedonale che ospita un’edicola e alcune bancarelle e un piccolo chiosco esterno (apertura alle 17.30	https://maps.app.goo.gl/G5TA4YE9m88EvxPJA	Piazzale Gabriele Rosa	larga area verde all’interno di una rotonda dotata di un marciapiede a tratti piuttosto largo, con spazi gioco per bambini e numerose panchine che proseguono su viale Omero; attraversato da un lungo percorso ciclabile che qui arriva da piazzale Lodi e servito dalla linea filoviaria 93; circondato da palazzi, che ospitano numerose attività commerciali ai rispettivi piani terra, e una chiesa	https://www.google.com/maps/search/?api=1&query=Piazzale%20Gabriele%20Rosa%2C%20Milano
36	Scalo Romana	Piazza Adriano Olivetti	piazza pedonale e parzialmente inverdita, con diverse lunghe panchine e un ristorante con sedute esterne; sita in un’area di recentissima urbanizzazione, dietro la Fondazione Prada, al cui ingresso su via Orobia il flusso pedonale può essere significativo, e con alcuni uffici ai suoi lati	https://www.google.com/maps/search/?api=1&query=Piazza%20Adriano%20Olivetti%2C%20Milano	Parco Autieri	largo parco cittadino, con panchine, aree giochi per bambini, panchine e campi da basket e calcio; a circa 500 metri, al limitare della parte più densa dsi trova piazza Angilberto II, parte del programma “piazze aperte”, che ha portata ad una risistemazione degli spazi e parziali pedonalizzazioni, prima tattiche e poi definitive, con panchine distribuite su tutta la piazza e campi da ping pong.	https://www.google.com/maps/search/?api=1&query=Parco%20Autieri%20Milano
37	Morivione	Esselunga di Via Ripamonti	grande supermercato, punto focale della zona, che è di recente urbanizzazione; ha un grande parcheggio di fronte, non lontano dalla discoteca “Magazzini Generali" e da un negozio di bici (chiuso la domenica), all’angolo con via Buzzi; non ci sono densi insediamenti residenziali adiacenti, ma si trovano diverse torri, ciascuna circondata da verde, nelle immediate vicinanze, configurazione abbastanza tipica di fine Novecento - primi anni Duemila; servita dalla linea tranviaria 24 su via Ripamonti	https://www.google.com/maps/search/?api=1&query=Esselunga%20Carlo%20de%20Angeli%2C%20Milano	Parco Memorie industriali	larga area verde a nord di torri residenziali (di recente urbanizzazione), con aree cani, fitness e con giochi per bambini	https://www.google.com/maps/search/?api=1&query=Parco%20Memorie%20industriali%2C%20Milano
38	Vigentino - Q.re Fatima	Via Ripamonti-Sibari	incrocio sulla strada principale del quartiere Vigentino, in un insieme di edifici di inizio Novecento e degli anni 60/70 circondato da bar con sedute esterne, qualche piccolo negozio, e con la LIDL non molto lontana in direzione di di via Quaranta; servita dalla linea tranviaria 24, molto utilizzata soprattutto in direzione di Piazza Fontana, verso il centro	https://www.google.com/maps/search/?api=1&query=Via%20Ripamonti-Sibari%2C%20Milano	Piazza Madonna di Fatima	piazza antistante la chiesa omonima, vicina al parco Ripamonti-Sabini, mercatino dell'usato, negozi su via Val di sole e piazzale Madonna di Fatima, non lontano si trova anche il "Parco Grande”; i negozi sono riparati sotto porticati, al piano terra di edifici degli anni Sessanta/Ottanta; servita dalla linea tranviaria 24, su via Ripamonti	https://www.google.com/maps/search/?api=1&query=Piazza%20Madonna%20di%20Fatima%2C%20Milano
41	Gratosoglio - Q.re Missaglia - Q.re Terrazze	Incrocio via Saponaro-via Costantino Baroni	incrocio circondato da alcune attività, come una farmacia, due bar con larghe sedute esterne e un panificio, con marciapiede alberato su via Baroni; servita da alcune  fermate del bus 79	https://maps.app.goo.gl/nz2j4waVWw5fLFAb8	Eurospin via Saponaro	supermercato vicino alla chiesa “santa Maria madre della Chiesa, di fronte a due palazzine di case ALER; servita dalle linee tranviarie 3 e 15, con fermate piuttosto utilizzate, soprattutto in direzione centro	https://www.google.com/maps/search/?api=1&query=Eurospin%20via%20Saponaro%2C%20Milano
42	Stadera - Chiesa Rossa - Q.re Torretta - Conca Fallata	Parco Chiesa Rossa	parco alberato di discrete dimensioni, con aree gioco per bambini, campo da basket, panchine, un bar con estesa area porticata esterna e la biblioteca di quartiere (chiusa la domenica	https://www.google.com/maps/search/?api=1&query=Parco%20Chiesa%20Rossa%2C%20Milano	Piazza Abbiategrasso - Chiesa Rossa M2	importante snodo del trasporto pubblico di zona, con il capolinea della M2, fermate tranviarie delle linee 3 e 15; attraversata dalla larga e trafficata via dei Missaglia, con alcune attività commerciali sul lato della piazza verso via Medeghino e un parcheggio di interscambio ATM	https://www.google.com/maps/search/?api=1&query=Piazza%20Abbiategrasso%20-%20Chiesa%20Rossa%20M2%2C%20Milano
43	Tibaldi	GetFIT - Via Meda	su una delle principali direttrici della zona, servita da due ben utilizzate fermate linea tranviaria 3; diverse piccole attività commerciali (ai piani terra dei rispettivi palazzi) e un supermercato su viale Giovanni da Cermenate, dove si trovano alcune aree verdi attrezzate	https://www.google.com/maps/search/?api=1&query=GetFIT%20-%20Via%20Meda%2C%20Milano	Esselunga via Pezzotti	grande supermercato su un’altra strada principale del quartiere, attraversato dalla linea tranviaria 15 (la fermata “Giovanni da Cermenate” è piuttosto ben utilizzata); mediana foltamente alberata, con negozi e bar ai piani terra di via Pezzotti e una chiesa con piccolo sagrato all’angolo con via Carcano	https://www.google.com/maps/search/?api=1&query=Esselunga%20via%20Pezzotti%2C%20Milano
44	Porta Ticinese – Conchetta	Parco Baden Powell	parco molto frequentato, anche da famiglie nel weekend.	https://maps.app.goo.gl/yvyEum9XEwiXnAT36	Piazzale Stazione Genova	il piazzale di fronte alla stazione ha molto potenziale, e sono stati fatti degli interventi di recente. Buona frequentazione, sicuramente un buon posto per effettuare le interviste.	https://maps.app.goo.gl/TNLVWVTVR42fFE6U9
45	Moncucco - San Cristoforo	Via L. Il Moro - Via Pestalozzi	fermata tranviaria della linea 2, sul Naviglio Grande e una strada con un buon numero di attività commerciali; attraversato il vicina al ponte di san Cristoforo, sul lato opposto del naviglio, si trova la chiesa di san Cristoforo è molto più tranquillo e semi-pedonalizzatpo	https://www.google.com/maps/search/?api=1&query=Via%20L.%20Il%20Moro%20Via%20Pestalozzi%2C%20Milano	Parco La Spezia	grande parco con campi da basket, giochi per bambini e un’area coperta, spesso usata come campo da gioco; vicino al Penny di via Moncucco e fiancheggiato dalla rampa di accesso alla A7	https://www.google.com/maps/search/?api=1&query=Parco%20La%20Spezia%20Milano
46	Barona	Ospedale San Paolo	importante ospedale della zona, con molti parcheggi che lo circondano; zona non residenziale, visto che l’altro prominente edificio è la “Casa di riposo Famagosta”	https://www.google.com/maps/search/?api=1&query=Ospedale%20San%20Paolo%2C%20Milano	Parco Cascina Bianca	grande parco circondato da edifici residenziali, perlopiù intorno ai 6/8 piani; ai confini dell’area edificata del territorio comunale; molte panchine e alberi, alcune aree gioco per bambini e piccoli negozi sul lato sud di via Cascina Bianca	https://www.google.com/maps/search/?api=1&query=Parco%20Cascina%20Bianca%2C%20Milano
48	Ronchetto sul Naviglio - Q.re Lodovico il Moro	Centro commerciale Tre castelli	grande centro commerciale in un’area di urbanizzazione tipica degli anni 70 e 80: palazzine alte 8/10 piani, marciapiede stretti, aree alberate attorno agli edifici; parcheggio di discrete dimensioni di fronte, piccola area verde con panchine a fianco, sul lato dove si trova anche un bar sotto porticato, e chiesa sul lato opposto della strada; fermata bus 95, senza pensiline	https://www.google.com/maps/search/?api=1&query=Centro%20commerciale%20Tre%20castelli%20Milano	Parco Andrea Campagna	grande area verde, effettiva continuazione del parco agricolo sud Milano, con panchine nella zona alberata, campo da calcio, pallavolo e disc golf verso via Campari; palazzine dense su un lato, dove si trova la fermata autobus e un piccolo bar con sedute esterne	https://www.google.com/maps/search/?api=1&query=Parco%20Andrea%20Campagna%20-%20Teramo%2C%20Milano
49	Giambellino	San Cristoforo M4	capolinea della nuova M4 e importante fermata ferroviaria (linea per Mortara) e tramviaria (linea 14, piazza Tirana, che ospita anche una piccola area verde). bar e  ristoranti nelle immediate vicinanze	https://www.google.com/maps/search/?api=1&query=San%20Cristoforo%20M4%2C%20Milano	Biblioteca Lorenteggio	biblioteca di quartiere, in un’area verde con sedute e panchine , area giochi e palestra all’aperto sul lato opposto di largo Giambellino; poco lontano dalla fermata della linea tranviaria 14, molto ben utilizzata, su via Giambellino, la tradizionale strada principale del quartiere	https://www.google.com/maps/search/?api=1&query=Biblioteca%20Lorenteggio%2C%20Milano
50	Porta Genova	Via Tortona - Mudec	gran giro di persone, molte probabilmente di fuori Milano	https://www.google.com/maps/search/?api=1&query=Mudec%20Milano	Parco Solari	verso la fermata della metro di coni zugna la zona è stata recentemente riqualificata, diventa un buon paragone per il resto delle strade intorno al parco. Ottimo giro di persone	https://www.google.com/maps/search/?api=1&query=Parco%20Solari%2C%20Milano
51	Porta Magenta	Esselunga via Washington	grande supermercato, su strada e marciapiede piuttosto larghi; mix di edifici di epoche molto diverse, piccoli negozi agli angoli	https://www.google.com/maps/search/?api=1&query=Esselunga%20via%20Washington%2C%20Milano	Parterre via Dezza	si tratta di una residenziale molto tranquilla, marginalmente interessata dalla riqualificazione in seguito ai cantieri della metropolitana.	https://maps.app.goo.gl/PAeNeb5g5KG3RCJE8
52	Bande Nere	Frattini M4	fermata della metropolitana, in una rotonda con una grande area verde attrezzata al centro, recentemente riaperta dopo i lavori di costruzione della M4; buon numero di panchine e aree gioco per bambini; negozi e una chiesa ai lati della piazza, su larghi marciapiede	https://www.google.com/maps/search/?api=1&query=Frattini%20M4%2C%20Milano	Piazza Bettini	piazza Bettini è un punto particolarmente “caldo”: la piazza aperta è stata osteggiata da parte dei residenti. Potrebbe essere interessante per incontrare opinioni polarizzate e quindi interessate al dialogo (o agli insulti, ndr	https://www.google.com/maps/search/?api=1&query=Piazza%20Bettini%2C%20Milano
53	Lorenteggio	Piscina Cardellino - Parco delle Crocerossine	piscina comunale ai margini di due aree verdi di discrete dimensioni, di fronte ad un complesso di uffici di recente costruzione e edifici residenziali di media altezza	https://www.google.com/maps/search/?api=1&query=Piscina%20Cardellino%20Milano	Giardino Alberto Moravia	parco con diverse strutture per bambini e aree cani, vicino alla fermata “Inganni” della M1, circondato da edifici anni Sessante di 6/8 piani	https://www.google.com/maps/search/?api=1&query=Giardino%20Alberto%20Moravia%2C%20Milano
55	Baggio - Q.re degli Olmi - Q.re Valsesia	Parco di Baggio	parco al centro del quartiere, biblioteca di quartiere  (chiusa la domenica, sabato chiude alle 18); aree gioco, percorsi per jogging, numerose panchine  e una piazza usata anche come area gioco (piazza Anita Garibaldi	https://www.google.com/maps/search/?api=1&query=Biblioteca%20Baggio-Parco%20di%20Baggio%2C%20Milano	Parco in Memoria delle Vittime Italiane nei Gulag	grande parco nella parte sud del quartiere, con aree giochi, campi da calcio e panchine,, fiancheggiato da un Eurospin con annesso parcheggio su via Macarotti, una chiesa e numerosi edifici residenziali	https://www.google.com/maps/search/?api=1&query=Parco%20in%20Memoria%20delle%20Vittime%20Italiane%20nei%20Gulag%2C%20Milano
56	Forze Armate	Ospedale San Carlo	grande ospedale con ampie superfici dedicate a parcheggio nei dintorni	https://www.google.com/maps/search/?api=1&query=Ospedale%20San%20Carlo%2C%20Milano	CDI Centro Diagnostico Italiano | Saint Bon	ospedale di medie dimensioni, di fronte all'ospedale militare e vicino alla fermata “Inganni “ della M1	https://maps.app.goo.gl/SCkaUsnCYUsvBy4y8
57	San Siro	Mercato Settimanale di Via Osopo	mercato comunale del sabato, fino alle 17; strada “tradizionale”, con edifici vicini l’uno all’altro, e negozi al piano terra su via Osoppo; piazzale Brescia ha una chiesa e una  larga area verde centrale, con aree giochi e panchine; servita dalla linea tranviaria 16, attraversante il piazzale	https://www.google.com/maps/search/?api=1&query=Mercato%20Settimanale%20di%20Via%20Osoppo%2C%20Milano	Piazzale Selinunte	piazzale con ampia area verde centrale, con campo da basket, giochi per bambini e area cani; circondata da densi edifici residenziali, con alcune attività commerciali	https://www.google.com/maps/search/?api=1&query=Piazzale%20Selinunte%2C%20Milano
58	De Angeli-Monte Rosa	Lotto M1 M5 - Esselunga via Vigliani	importante hub di trasporto pubblico, punto di incrocio delle linee M1 e M5 e della filoviaria 90/91, che qui effettua capolinea; vicino ad un Esselunga su via Vigliani, con un parcheggio di medie dimensioni di fronte	https://www.google.com/maps/search/?api=1&query=Lotto%20M1%20M5%20-%20Esselunga%20via%20Vigliani%2C%20Milano	Parterre d via Domenichino	fermata della M1, su strada con un discreto traffico pedondale, su cui si trovano un’ edicola, fiorista, qualche bar con seduta e uscita Amendola M1, oltre all'Esselunga e le panchine sul parterre alberato di via Domenichino	https://maps.app.goo.gl/8hVQtMuTAdvU8Wan7
59	Tre Torri	Fontana delle Quattro stagioni	fontana monumentale in un’area verde di discrete dimensioni, su uno degli accessi al parco Tre Torri	https://www.google.com/maps/search/?api=1&query=Fontana%20Quattro%20stagioni%2C%20Milano	Parco Tre torri - Citylife	area pedonalizzata, servita dalla M5  “Tre Torri” e situata in un'area commerciale di costruzione piuttosto recente; molto frequentata, sia da residenti di altre zone di Milano che di altri comuni	https://www.google.com/maps/search/?api=1&query=Parco%20Tre%20torri-Citylife%2C%20Milano
60	Stadio – Ippodromi	San Siro Stadio M5 - giardini Marangoni	capolinea metropolitano della M5 e di diversi bus (su via Harar) e tranviario della linea 16, in una strada di accesso alla città di discreta importanza (via Dessiè, direzione centro) adiacenti piccole aree verdi su piazza Axum (piccole attività commerciali) 
 Vedi su Google Maps

evitare nel turno di pomeriggio di sabato	https://maps.app.goo.gl/MRHbFj8neFgEVcvq7	Via Paravia	strada “tradizionale”, con diversi negozi e bar, un Carrefour, ospedale veterinario "San francesco" all'angolo con via Newton e una farmacia); molti parcheggi a centro strada	https://maps.app.goo.gl/Qzric5ktURvWapsi9
61	Quarto Cagnino	Parco del Fanciullo	parco cittadino di medie dimensioni al centro del quartiere: alberato, giochi per bambini, campi e panchine; quartiere edificato negli anni 60 e 70: edifici di media altezza, con verde usato con verde attorno e alcuni esercizi commerciali su via Cannizzaro	https://www.google.com/maps/search/?api=1&query=Parco%20del%20Fanciullo%2C%20Milano	Parco delle Cave - via Marchesi	ingresso punto piuttosto frequentato ad un grande parco attrezzato, luogo di passaggio tra chi entra/esce dal parco, utilizzato soprattutto da gente della zona; edifici residenziali nei pressi dell’ingresso	https://maps.app.goo.gl/KqokgSLRJi7grmYw8
65	Q.re Gallaratese - Q.re San Leonardo – Lampugnano	Giardini Sergio Vieira de Mello	parco cittadino di medie dimensioni al centro del quartiere: alberato, giochi per bambini, campi e panchine; frequentato da gente della zona, pieno nei weekend; zona non troppo densamente edificata, ma diversi edifici sono di tipo “torre nel parco”; sul lato est c’è un piccolo parcheggio del parco, a nord la fermata”Uruguay” della M1	https://www.google.com/maps/search/?api=1&query=Giardini%20%22Sergio%20Vieira%20de%20Mello%22%2C%20Milano	Centro commerciale Bonola	centro commerciale di riferimento della zona, raggiunto sia in auto che tramite la vicina fermata “Bonola” della M1, il cui ingresso è una piazza pedonale con discreti flussi di traffico e diverse panchine, da cui si accede direttamente al centro commerciale; palazzine anni 70 nei dintorni, oltre che pensilina servita da tre linee di autobus	https://maps.app.goo.gl/GXBwDTHGpsR54p2g8
66	QT8	CASVA	centro culturale vicino alla fermata QT8 della M1, la parrocchia "Santa Maria Nascente al QT8" e aree verdi a sud ed est di Piazza Maria Nascente; edifici medio-bassi, alcune villette a schiera e piccole palazzine	https://maps.app.goo.gl/2DH7LApUxj4SP37t5	Parco Monte Stella	grande parco formato da una collina, attorno a cui salgono diversi percorsi per passeggiate; visitato tanto da residenti della zona che dal resto della città, data la vicinanza della M1	https://www.google.com/maps/search/?api=1&query=Parco%20Monte%20Stella%2C%20Milano
67	Portello	Domodossola FN	nodo di interscambio fra M5, stazione ferroviaria e fermata tranviaria, molto ben utilizzato, vista anche la grande pensilina che copre l’area antistante; parco di medie dimensioni sul lato opposto di via Domodossola; alcune piccole attività nelle vicinanze, edifici densi e affiancati l’uno all’altro	https://maps.app.goo.gl/HEGRW8YH3K1MSUTc6	via Ruggero di Lauria	Unes in piazzale Damiano Chiesa, al cui centro si trova una piccola area verde attrezzata; piccoli negozi e sedute lungo la via alberata; urbanistica tipica di fine Ottocento: edifici vicini l’uno all’altro e di media altezza	https://www.google.com/maps/search/?api=1&query=via%20Ruggero%20di%20Lauria%2C%20Milano
68	Pagano	Pagano M1	fermata della M1 su una strada molto larga, vicina ad un parco piuttosto grande e ben attrezzato e un ampio parcheggio che funge da area mercato la domenica; edifici densi, perlopiù di urbanizzazione matura; non lontana dalla parzialmente pedonalizzata piazza Wagner, centro di una zona più riconoscibilmente urbana, senza vaste distese di parcheggi a raso; sede di un mercato coperto, una chiesa e molte piccola attività (maggiori flussi pedonali locali	https://maps.app.goo.gl/HhKs1oyqkimKnrPq7	Parco Bompiani	vasta area verde attrezzata, con area giochi per bambini e area cani, attorniata da palazzine medio-alte e servita dalla linea tranviaria 19 s via Vincenzo Monti e da una stazione BikeMi nell’angolo più a sud	https://maps.app.goo.gl/SncTup3pof689k2U7
69	Sarpi	Via Fauchè	strada su cui si svolge il mercato del sabato e su cui si trovano altresì alcuni esercizi commerciali; poco distante dai piccoli ma attrezzati giardini di Piazza Gerusalemme, che sono serviti dall’omonima fermata della M5; strada eccessivamente larga, auto in sosta spesso su marciapiede; mix di edifici, dall’urbanistica matura e densa di fine Ottocento ad alcuni complessi più industriali e alberghieri, che contribuiscono meno alla vitalità della strada	https://maps.app.goo.gl/RhjStNorboq4TiEq8	Via Cesariano	piccola strada completamente pedonalizzata, con sedute, verde e giochi per bambini; fiancheggiata da palazzine medio-alte, con diverse attività commerciali al pian terreno; non lontano dalle più recentemente pedonalizzate via Verga e piazza Ercole Morselli; a discreta distanza, servita da diverse linee tranviarie (2, 4, 12 e 14, sul trafficato incrocio di piazza Lega Lombarda	https://www.google.com/maps/search/?api=1&query=Via%20Cesariano%2C%20Milano
70	Ghisolfa	Giardino Carmelo Bene-Conad via Principe Eugenio	di modeste dimensioni, sito in un’area di più recente urbanizzazione, con giochi, area pattinaggio e basket; una Conad con un parcheggio a raso di fronte a breve distanza	https://www.google.com/maps/search/?api=1&query=Giardino%20Carmelo%20Bene-Conad%20via%20Principe%20Eugenio%2C%20Milano	Giardino Bonelli	giardini attrezzati (giochi per bambini e panchine), circondati da edifici residenziali medio-alti  e serviti dalla fermata del tram 12 “Mac Mahon-Caracciolo”, nei cui pressi si trovano diversi negozi	https://www.google.com/maps/search/?api=1&query=Giardino%20Bonelli%2C%20Milano
71	Villapizzone - Cagnola – Boldinasco	Piazza Prealpi	piazza adibita a parco, attrezzata con giochi e panchine, accanto ad un mercato coperto e servita dall’omonima fermata tranviaria; circondata da palazzi del primo Novecento, con diverse attività al piano terra	https://www.google.com/maps/search/?api=1&query=Piazza%20Prealpi%2C%20Milano	Centro Commerciale Il Portello	centro commerciale con piazza esterna, bancarelle, e bar, ben frequentato e poco distante dal Parco Portello, che ha panchine, e buona frequentazione nei fine settimana, e dalla fermata tranviaria (linee 1 e 14) in Vial Certosa.	https://www.google.com/maps/search/?api=1&query=Centro%20Commerciale%20%E2%80%9CIl%20Portello%E2%80%9D%2C%20Milano
72	Maggiore - Musocco – Certosa	Cimitero Maggiore	cimitero più grande della città, vicino al capolinea della linea tranviaria 14; dotato di un grande piazzale all’ingresso e situato al termine di viale Certosa, fiancheggiato da case “tradizionali”: dense, non troppo alte e con negozi al piano terra	https://maps.app.goo.gl/KZttcLpoCmKfVFHT7	Centro commerciale Milano Merlata	grande centro commerciale di recente apertura in un quartiere di nuova costruzione; all’esterno ci sono fermata bus (in via Pasolini) e rastrelliere per bici (oltre allo sterminato parcheggio auto sotterraneo). moltissime attività di tutti i tipi all’interno	https://maps.app.goo.gl/q6PbPo431PSPDNm16
76	Quarto Oggiaro - Vialba – Musocco	Parco di Villa Scheibler	grande parco attrezzato al centro del quartiere di Quarto Oggiaro; la villa è sede di uffici pubblici e alcune esposizioni culturali; ben utilizzate le vicine fermate del bus 57 su via Sebastiano Satta	https://www.google.com/maps/search/?api=1&query=Parco%20di%20Villa%20Scheibler%2C%20Milano	via de Roberto	strada a tratti pedonalizzata strutturalmente, con la” fontana di Quarto Oggiaro” al centro, diversi negozi al piano terra e sedute; nelle immediate vicinanze la chiesa di Santa Lucia e il Mercato Comunale di Quarto Oggiaro, che domenica è aperto solo la mattina; edifici medio-bassi ai lati, esercizi commerciali e dehor al piano terra,	https://www.google.com/maps/search/?api=1&query=via%20de%20Roberto%2C%20Milano
77	Bovisa	Piazza Bausan	piazza centrale del quartiere, capolinea del tram 2 e servita dalla linea filoviaria 92 e di bus 82; numerosi negozi intorno (che proseguono su via degli Imbriani e via Baldinucci), una piccola fontana con sedute al centro	https://www.google.com/maps/search/?api=1&query=Piazza%20Bausan%2C%20Milano	Biblioteca Dergano	angolo fra via Baldinucci e via Maffucci, con biblioteca chiusa sabato mattina e domenica, parco con giochi e panchine e supermercato ben frequentato con un piccolo parcheggio di fronte; vicina al campus di via Candiani del Politecnico, la cui area verde è discretamente utilizzata anche da residenti; servita da alcune fermate dell’autobus 82, tutte con pensilina	https://www.google.com/maps/search/?api=1&query=Biblioteca%20Dergano%20Milano
78	Farini	Lancetti FS	stazione del passante ferroviario, con servizio frequente tutto il giorno; vicina ad un’area cani, una LIDL su viale Lancetti (lato della stazione) e Boggi (sul lato opposto) fermata tranviaria della linea 2 su viale Lancetti, su mediana alberata	https://maps.app.goo.gl/KbV9eY8rGnQLs3Kt7	Bar Nuova Posteria Milanese	bar su strada trafficata, vicino ad un  benzinaio/meccanico della Esso, utile se c’è gente ad aspettare le riparazioni; servita dalla fermata del filobus 92 su viale Jenner	https://www.google.com/maps/search/?api=1&query=Bar%20Nuova%20Posteria%20Milanese%2C%20Milano
79	Dergano	Piazza Dergano	piazza recentemente pedonalizzata come parte del programma “piazza aperte” e ben frequentata, con panchine e tavoli da picnic e ping pong; numerosi negozi e un parco nelle vicinanze, è il tradizionale centro del quartiere; edifici densi e di media altezza di metà secolo, misti ad altri più antichi	https://www.google.com/maps/search/?api=1&query=Piazza%20Dergano%2C%20Milano	Dergano M3	fermata della metropolitana  e delle linea bus 70; piazza pedonale con alcune bancarelle; molti negozi sull'adiacente via Pellegrino Rossi; mix di edifici di inizio secolo e anni 50-60; situata sulla tradizionale strada principale di accesso dalla valle del Seveso (strada Comasina	https://maps.app.goo.gl/PgK5YF5yBgVBL5ZP9
80	Affori	Affori Centro M3	fermata della metropolitana e delle linea bus 70, situata sulla tradizionale strada principale di accesso dalla valle del Seveso (strada Comasina); uscita dalla metro su piazza pedonale, con giochi per bambini e alcune bancarelle; molti negozi sull'adiacente via Carlo Imbonati; mix di edifici di inizio secolo e anni 50-60-70; parcheggio di media capienza a raso poco distante	https://maps.app.goo.gl/MwPpDRVEGycKmdCj8	Parco Villa Litta Affori	grande parco ben attrezzato nel quartiere di Affori, un quartiere di antica edificazione; ingresso da viale Affori vicino alla biblioteca e a Villa Litta; parecchie persone senza fretta nei weekend, non lontano dalle fermate Affori FN e Milano Affori	https://www.google.com/maps/search/?api=1&query=Parco%20Villa%20Litta%20Affori%2C%20Milano
81	Bovisasca	Quarto Oggiaro FN	in una zona prevalentemente industriale alla periferia della città, stazione suburbana con servizio piuttosto frequente (un poco ridotto la domenica mattina); non lontana da alcuni uffici e dal centro commerciale “Metropoli”, che però si trova nel comune Novate Milanese, appena oltre il confine: la strada fra centro commerciale e stazione vede un discreto traffico di utilizzatori del centro	https://maps.app.goo.gl/MT3fjxVdvoAYNdjm6	Centro commerciale Unicenter	piccolo centro commerciale del quartiere, ospitante fra gli altri un bar, le poste e un supermercato; parcheggio a servizio di fronte, piccolo parco adiacente ed edifici residenziali su entrambi i lati del centro commerciale; fermate autobus nelle vicinanze, soprattutto su via Bovisasca verso il centro	https://www.google.com/maps/search/?api=1&query=Centro%20commerciale%20Unicenter%2C%20Milano
83	Bruzzano	Piazza Bruzzano	piazza principale del quartiere, recentemente pedonalizzata tatticamente e fra qualche polemica; ci sono panchine e tavoli, un supermercato in piazza, alcuni piccoli esercizi commerciali su via Capsoni e una chiesa appena su via Acerbi, dove si trova un’altra piccola piazzetta con palestra tra via Capsoni e via Fulton	https://www.google.com/maps/search/?api=1&query=Piazza%20Bruzzano%20Milano	Piazza Giustino Fortunato	piazza adibita a parco con diverse panchine, diversi esercizi commerciali attorno, alcuni con sedute esterne; c’è un altro piccolo parco di fronte su via Casarsa,, con giochi per bambini; situata su una strada molto trafficata, fermate autobus adiacenti	https://www.google.com/maps/search/?api=1&query=Piazza%20Giustino%20Fortunato%20Milano
